variant_name,fold_id,model_name,metric_scope,grouping_name,group_key,row_count,brier_score,log_loss,expected_calibration_error,calibration_intercept,calibration_slope,calibration_status,fold_count,variant_status,analysis_label,non_confirmatory
last_trade_only,,beta,pooled_equal_contract,overall,overall,1190716,0.0690018389732273,0.23162838904517438,0.007088791811574123,-0.023415148597825192,0.9409814138940387,converged,,completed,robustness_non_confirmatory,True
last_trade_only,,binned_reliability,pooled_equal_contract,overall,overall,1190716,0.06941770220082219,0.23773339419482803,0.007708914246448728,-0.011758495926889339,0.9298193995430665,converged,,completed,robustness_non_confirmatory,True
last_trade_only,,hierarchical_eb,pooled_equal_contract,overall,overall,1190716,0.07701435008048087,0.25429846467334266,0.053885167004653935,-0.7568044031999532,0.923518002696187,converged,,completed,robustness_non_confirmatory,True
last_trade_only,,isotonic,pooled_equal_contract,overall,overall,1190716,0.06907950091257561,0.23906228872269156,0.008728740012635999,0.028936073927684616,0.9294137015843329,converged,,completed,robustness_non_confirmatory,True
last_trade_only,,platt,pooled_equal_contract,overall,overall,1190716,0.06896227165565387,0.23143170240708533,0.00620892892242536,-0.024711810867863296,0.9432029696374155,converged,,completed,robustness_non_confirmatory,True
last_trade_only,,raw,pooled_equal_contract,overall,overall,1190716,0.06947119649017536,0.23386444122946118,0.019755155721431477,-0.09655764952534997,1.1401899389689234,converged,,completed,robustness_non_confirmatory,True
last_trade_only,,beta,pooled_equal_contract,horizon,14d,9830,0.10454896737602674,0.3305495346503529,0.01799416131700878,0.006875933302297627,0.9114292193792989,converged,,completed,robustness_non_confirmatory,True
last_trade_only,,beta,pooled_equal_contract,horizon,15m,318960,0.06614791821830575,0.2242186659395677,0.00678485813904892,-0.01917848969787936,0.967192153917259,converged,,completed,robustness_non_confirmatory,True
last_trade_only,,beta,pooled_equal_contract,horizon,1d,89927,0.11200081005742978,0.3550801811602801,0.02120141390997001,-0.043537114182654595,0.827769007140703,converged,,completed,robustness_non_confirmatory,True
last_trade_only,,beta,pooled_equal_contract,horizon,1h,213343,0.06511282613246402,0.22252089941962305,0.009949289704825778,-0.058645910896253345,0.9051357939402852,converged,,completed,robustness_non_confirmatory,True
last_trade_only,,beta,pooled_equal_contract,horizon,30d,6849,0.11089785382170272,0.35355300330165434,0.01810381564871041,0.015292837310181025,0.886633574152874,converged,,completed,robustness_non_confirmatory,True
last_trade_only,,beta,pooled_equal_contract,horizon,3d,35649,0.10631394815158154,0.3377666404408108,0.02065172256545578,-0.0016520557748011038,0.8463645438943562,converged,,completed,robustness_non_confirmatory,True
last_trade_only,,beta,pooled_equal_contract,horizon,6h,178491,0.09333833385057368,0.29993677491934684,0.017194904868201268,0.001977831064562454,0.8628898770785863,converged,,completed,robustness_non_confirmatory,True
last_trade_only,,beta,pooled_equal_contract,horizon,7d,14899,0.10507124383575506,0.3303400410312851,0.014967531577138031,-0.05091766725816473,0.9092869347455493,converged,,completed,robustness_non_confirmatory,True
last_trade_only,,beta,pooled_equal_contract,horizon,close,322768,0.04119689836442969,0.15092168657717472,0.010005169715188911,-0.08616776295793255,1.043377909380268,converged,,completed,robustness_non_confirmatory,True
last_trade_only,,binned_reliability,pooled_equal_contract,horizon,14d,9830,0.1052581412784268,0.33767763569868847,0.021043834197598636,3.029660952485828e-05,0.8704782735954443,converged,,completed,robustness_non_confirmatory,True
last_trade_only,,binned_reliability,pooled_equal_contract,horizon,15m,318960,0.0665260691850062,0.2301749427767221,0.007538200988356573,-0.013079069345354443,0.9476218224509787,converged,,completed,robustness_non_confirmatory,True
last_trade_only,,binned_reliability,pooled_equal_contract,horizon,1d,89927,0.1128085810127273,0.3625449369998132,0.024315663374005914,-0.04303371940439915,0.8015709439170196,converged,,completed,robustness_non_confirmatory,True
last_trade_only,,binned_reliability,pooled_equal_contract,horizon,1h,213343,0.06555976997837175,0.22956386147082306,0.010684480760247627,-0.042752052323367075,0.8992758063095545,converged,,completed,robustness_non_confirmatory,True
last_trade_only,,binned_reliability,pooled_equal_contract,horizon,30d,6849,0.11114042855715853,0.35510063025847544,0.019265683309012818,0.015600644197987248,0.8629971470398345,converged,,completed,robustness_non_confirmatory,True
last_trade_only,,binned_reliability,pooled_equal_contract,horizon,3d,35649,0.1069715573732761,0.3444706384441235,0.023339217480740228,-0.003405110159411401,0.8281378791982675,converged,,completed,robustness_non_confirmatory,True
last_trade_only,,binned_reliability,pooled_equal_contract,horizon,6h,178491,0.09395361859762673,0.3077135751482708,0.018982853086511656,0.007473327183559084,0.8493621493819086,converged,,completed,robustness_non_confirmatory,True
last_trade_only,,binned_reliability,pooled_equal_contract,horizon,7d,14899,0.10592493742920085,0.3361253081072147,0.018229939793743353,-0.058224536568892135,0.8771612364320694,converged,,completed,robustness_non_confirmatory,True
last_trade_only,,binned_reliability,pooled_equal_contract,horizon,close,322768,0.041357848491761925,0.15526449689277322,0.009965113254511165,-0.06375588849051955,1.0444350640031903,converged,,completed,robustness_non_confirmatory,True
last_trade_only,,hierarchical_eb,pooled_equal_contract,horizon,14d,9830,0.11178081312590869,0.3529654834318485,0.05643801885916456,-0.5416814315359387,0.8967222132949556,converged,,completed,robustness_non_confirmatory,True
last_trade_only,,hierarchical_eb,pooled_equal_contract,horizon,15m,318960,0.07330924747096103,0.24462560414757048,0.05070382670783121,-0.7294733647817312,0.9473248601425927,converged,,completed,robustness_non_confirmatory,True
last_trade_only,,hierarchical_eb,pooled_equal_contract,horizon,1d,89927,0.12138843785832582,0.3781037284077996,0.06177257411051553,-0.6007435514668007,0.814547863120034,converged,,completed,robustness_non_confirmatory,True
last_trade_only,,hierarchical_eb,pooled_equal_contract,horizon,1h,213343,0.07425167771657355,0.24875065701999963,0.05779977546175298,-0.8744549834363612,0.8861664871129543,converged,,completed,robustness_non_confirmatory,True
last_trade_only,,hierarchical_eb,pooled_equal_contract,horizon,30d,6849,0.11630537619175438,0.3692632963761684,0.04322235235332019,-0.39247212607540344,0.8707596192789562,converged,,completed,robustness_non_confirmatory,True
last_trade_only,,hierarchical_eb,pooled_equal_contract,horizon,3d,35649,0.11921275861523913,0.37118830485007565,0.07908374952068076,-0.7463207055779347,0.8462164442078003,converged,,completed,robustness_non_confirmatory,True
last_trade_only,,hierarchical_eb,pooled_equal_contract,horizon,6h,178491,0.10341594952166575,0.3268926491928181,0.06604842617247324,-0.741444024257425,0.8435022665395813,converged,,completed,robustness_non_confirmatory,True
last_trade_only,,hierarchical_eb,pooled_equal_contract,horizon,7d,14899,0.11417195638080704,0.3574617603558042,0.06833578199641627,-0.6489126429364338,0.8989136795682409,converged,,completed,robustness_non_confirmatory,True
last_trade_only,,hierarchical_eb,pooled_equal_contract,horizon,close,322768,0.04727007260937461,0.16976923686585668,0.04223077530285412,-0.8508464508900492,1.019289487898516,converged,,completed,robustness_non_confirmatory,True
last_trade_only,,isotonic,pooled_equal_contract,horizon,14d,9830,0.1047519797145624,0.3341490152449072,0.017744887833571404,0.04447760014631716,0.9058608990471174,converged,,completed,robustness_non_confirmatory,True
last_trade_only,,isotonic,pooled_equal_contract,horizon,15m,318960,0.06620555605292705,0.23082682283655737,0.008516600151040882,0.03634229786092793,0.9606796558845783,converged,,completed,robustness_non_confirmatory,True
last_trade_only,,isotonic,pooled_equal_contract,horizon,1d,89927,0.11219380483882624,0.36398215560706865,0.023161578593902537,-0.036505787502068385,0.7916166382866621,converged,,completed,robustness_non_confirmatory,True
last_trade_only,,isotonic,pooled_equal_contract,horizon,1h,213343,0.06516856574366751,0.23070934521838518,0.010261855956080444,-0.007661699076060058,0.8875394221783107,converged,,completed,robustness_non_confirmatory,True
last_trade_only,,isotonic,pooled_equal_contract,horizon,30d,6849,0.11095566857414371,0.3551078665386334,0.017110729791287478,0.048328404596161306,0.8856994933042784,converged,,completed,robustness_non_confirmatory,True
last_trade_only,,isotonic,pooled_equal_contract,horizon,3d,35649,0.10634674430756601,0.3480886998873961,0.022559358395573624,0.020433319869858184,0.8115557222933159,converged,,completed,robustness_non_confirmatory,True
last_trade_only,,isotonic,pooled_equal_contract,horizon,6h,178491,0.0935596461681687,0.3080373254908037,0.01918758166227147,0.02152724795852977,0.8293008921066481,converged,,completed,robustness_non_confirmatory,True
last_trade_only,,isotonic,pooled_equal_contract,horizon,7d,14899,0.1052546437707455,0.3367874473511924,0.01748342450729744,-0.013182394395820597,0.8938890255063779,converged,,completed,robustness_non_confirmatory,True
last_trade_only,,isotonic,pooled_equal_contract,horizon,close,322768,0.04119394449407394,0.1578632408315633,0.011386485905790965,0.0054498137030962335,1.050522948991809,converged,,completed,robustness_non_confirmatory,True
last_trade_only,,platt,pooled_equal_contract,horizon,14d,9830,0.10461378172053258,0.33086674429682755,0.018242894360294134,0.007278561746395843,0.9081599510721196,converged,,completed,robustness_non_confirmatory,True
last_trade_only,,platt,pooled_equal_contract,horizon,15m,318960,0.06609494620219018,0.2239671040877017,0.004853737704795153,-0.021012605971126013,0.9684437181177998,converged,,completed,robustness_non_confirmatory,True
last_trade_only,,platt,pooled_equal_contract,horizon,1d,89927,0.11202163456710906,0.3549496847332814,0.021635073662243483,-0.03379087842667086,0.834235454038022,converged,,completed,robustness_non_confirmatory,True
last_trade_only,,platt,pooled_equal_contract,horizon,1h,213343,0.0650706253611056,0.2223207812535827,0.009340295465684307,-0.06271242581183857,0.9083761033158341,converged,,completed,robustness_non_confirmatory,True
last_trade_only,,platt,pooled_equal_contract,horizon,30d,6849,0.11091682838042481,0.3540339246811104,0.01867298614686634,0.015553064482412527,0.8833892617639791,converged,,completed,robustness_non_confirmatory,True
last_trade_only,,platt,pooled_equal_contract,horizon,3d,35649,0.10633315892581978,0.337537523945267,0.020647138979703675,0.0015895978091649925,0.8501566173105627,converged,,completed,robustness_non_confirmatory,True
last_trade_only,,platt,pooled_equal_contract,horizon,6h,178491,0.09334598054613992,0.2998190528655167,0.0174457756420778,0.007664650096351144,0.8690424262292196,converged,,completed,robustness_non_confirmatory,True
last_trade_only,,platt,pooled_equal_contract,horizon,7d,14899,0.1050849088419646,0.3303974935033941,0.015803455543746334,-0.050122644401748954,0.9064837708771301,converged,,completed,robustness_non_confirmatory,True
last_trade_only,,platt,pooled_equal_contract,horizon,close,322768,0.041116012655991546,0.15068120833377174,0.0094953330181096,-0.09768118425315818,1.0418306342619856,converged,,completed,robustness_non_confirmatory,True
last_trade_only,,raw,pooled_equal_contract,horizon,14d,9830,0.10441749745676478,0.33092047757850007,0.014937945066124102,-0.042937674695200156,1.0868553284694324,converged,,completed,robustness_non_confirmatory,True
last_trade_only,,raw,pooled_equal_contract,horizon,15m,318960,0.06682895974410508,0.22760195096585045,0.022783922748934045,-0.09443173350488855,1.1707732101415813,converged,,completed,robustness_non_confirmatory,True
last_trade_only,,raw,pooled_equal_contract,horizon,1d,89927,0.11155052431415852,0.3513786909057893,0.011008039854548695,-0.0936323112628786,1.005518144733359,converged,,completed,robustness_non_confirmatory,True
last_trade_only,,raw,pooled_equal_contract,horizon,1h,213343,0.06549275626568242,0.22360485348434417,0.0181062889337827,-0.13458004428302717,1.100856343787339,converged,,completed,robustness_non_confirmatory,True
last_trade_only,,raw,pooled_equal_contract,horizon,30d,6849,0.11055768725361413,0.352142870951505,0.01077237552927433,-0.02895976650440152,1.0585423638667262,converged,,completed,robustness_non_confirmatory,True
last_trade_only,,raw,pooled_equal_contract,horizon,3d,35649,0.10588847092485894,0.3343716053138708,0.009997194872226434,-0.06379276038021345,1.0223445822615667,converged,,completed,robustness_non_confirmatory,True
last_trade_only,,raw,pooled_equal_contract,horizon,6h,178491,0.09297673608188027,0.29769256565849855,0.00991949173907929,-0.059931900385965575,1.0504437596218645,converged,,completed,robustness_non_confirmatory,True
last_trade_only,,raw,pooled_equal_contract,horizon,7d,14899,0.10505015772870493,0.33111739188300604,0.016932008859655016,-0.10998717793029426,1.0867672465148104,converged,,completed,robustness_non_confirmatory,True
last_trade_only,,raw,pooled_equal_contract,horizon,close,322768,0.04238886909478604,0.15774086029780604,0.029256400882367552,-0.1784447466897913,1.260476766747958,converged,,completed,robustness_non_confirmatory,True
last_trade_only,,beta,fold_macro,horizon,14d,9830,0.1126110787059527,0.3551826262683675,0.0544633849279273,0.07338858404735135,0.9278903690179351,fold_macro_mean,22.0,completed,robustness_non_confirmatory,True
last_trade_only,,beta,fold_macro,horizon,15m,318960,0.0580420922058388,0.19625816804254856,0.013777302934606321,-0.06426120298413177,1.070167151391434,fold_macro_mean,22.0,completed,robustness_non_confirmatory,True
last_trade_only,,beta,fold_macro,horizon,1d,89927,0.11019629175518476,0.34846658883946735,0.023537654241832198,-0.05472891014837493,0.8801773233947309,fold_macro_mean,22.0,completed,robustness_non_confirmatory,True
last_trade_only,,beta,fold_macro,horizon,1h,213343,0.05509397699202733,0.18651746620941,0.014261789505234025,-0.04712319145811001,1.055221605228034,fold_macro_mean,22.0,completed,robustness_non_confirmatory,True
last_trade_only,,beta,fold_macro,horizon,30d,6849,0.12750246019479375,0.4025454858862025,0.07142925050195495,0.01562282437234019,0.9129017330578326,fold_macro_mean,22.0,completed,robustness_non_confirmatory,True
last_trade_only,,beta,fold_macro,horizon,3d,35649,0.0890753189116858,0.292072471387717,0.029739071877318324,0.09399817493993924,0.926706361352645,fold_macro_mean,22.0,completed,robustness_non_confirmatory,True
last_trade_only,,beta,fold_macro,horizon,6h,178491,0.08798151116856147,0.28357397255239825,0.020070689894929546,-0.011000489283256067,0.9044307860521279,fold_macro_mean,22.0,completed,robustness_non_confirmatory,True
last_trade_only,,beta,fold_macro,horizon,7d,14899,0.09907797675161531,0.316777091524374,0.04661049759941407,0.04896601649195265,0.9531113165024869,fold_macro_mean,22.0,completed,robustness_non_confirmatory,True
last_trade_only,,beta,fold_macro,horizon,close,322768,0.03518136852138437,0.13005701161466315,0.018281266994042946,-0.20657594383458353,1.1669051466902571,fold_macro_mean,22.0,completed,robustness_non_confirmatory,True
last_trade_only,,beta,fold_macro,overall,overall,1190716,0.06450170774416121,0.21569871312096064,0.009987664380219726,-0.03772935487938648,1.0120025335981502,fold_macro_mean,22.0,completed,robustness_non_confirmatory,True
last_trade_only,,binned_reliability,fold_macro,horizon,14d,9830,0.11354395600181631,0.36365316189257885,0.05950736376089836,0.07116460274446153,0.8855121164878397,fold_macro_mean,22.0,completed,robustness_non_confirmatory,True
last_trade_only,,binned_reliability,fold_macro,horizon,15m,318960,0.05830969615340018,0.20053641569064282,0.013572561256297732,-0.06457020077090524,1.067817576938409,fold_macro_mean,22.0,completed,robustness_non_confirmatory,True
last_trade_only,,binned_reliability,fold_macro,horizon,1d,89927,0.11095827009434504,0.3552327988882854,0.025592146545196107,-0.06021478483323359,0.8482911794468758,fold_macro_mean,22.0,completed,robustness_non_confirmatory,True
last_trade_only,,binned_reliability,fold_macro,horizon,1h,213343,0.05542759287036758,0.19126377843170078,0.014812757454392417,-0.04589087957035138,1.0642000298768162,fold_macro_mean,22.0,completed,robustness_non_confirmatory,True
last_trade_only,,binned_reliability,fold_macro,horizon,30d,6849,0.12765785900787915,0.4026292423046089,0.07031645534103843,0.020458929526267128,0.8846941718587568,fold_macro_mean,22.0,completed,robustness_non_confirmatory,True
last_trade_only,,binned_reliability,fold_macro,horizon,3d,35649,0.08962771756627724,0.299546890482374,0.032066221077846464,0.08699501301886868,0.8987537876471847,fold_macro_mean,22.0,completed,robustness_non_confirmatory,True
last_trade_only,,binned_reliability,fold_macro,horizon,6h,178491,0.08858411429589952,0.29090084001220584,0.020514957598662398,-0.015468881778916222,0.9001732864295718,fold_macro_mean,22.0,completed,robustness_non_confirmatory,True
last_trade_only,,binned_reliability,fold_macro,horizon,7d,14899,0.09973639229753645,0.32308740365339833,0.04703550254692077,0.04103297740678288,0.9227063712614406,fold_macro_mean,22.0,completed,robustness_non_confirmatory,True
last_trade_only,,binned_reliability,fold_macro,horizon,close,322768,0.03525538855678739,0.13257073256454838,0.019347106691813807,-0.20919707041447336,1.1857433075417398,fold_macro_mean,22.0,completed,robustness_non_confirmatory,True
last_trade_only,,binned_reliability,fold_macro,overall,overall,1190716,0.06485253338064595,0.22048862450696075,0.01004817810046059,-0.03562502443637646,1.0089551579853586,fold_macro_mean,22.0,completed,robustness_non_confirmatory,True
last_trade_only,,hierarchical_eb,fold_macro,horizon,14d,9830,0.11824767452173698,0.3739633415560801,0.07062578394227016,-0.4102509584333534,0.9116581826125053,fold_macro_mean,22.0,completed,robustness_non_confirmatory,True
last_trade_only,,hierarchical_eb,fold_macro,horizon,15m,318960,0.0688563421475633,0.2301681599677832,0.06533726696502079,-1.0426008508783016,1.0625137534829514,fold_macro_mean,22.0,completed,robustness_non_confirmatory,True
last_trade_only,,hierarchical_eb,fold_macro,horizon,1d,89927,0.12234629454298598,0.37994522862758034,0.07885804143732107,-0.7023276139639388,0.895211177503354,fold_macro_mean,22.0,completed,robustness_non_confirmatory,True
last_trade_only,,hierarchical_eb,fold_macro,horizon,1h,213343,0.06717047674796324,0.2247012705210641,0.06837614658122947,-1.122484351742928,1.0479614086169438,fold_macro_mean,22.0,completed,robustness_non_confirmatory,True
last_trade_only,,hierarchical_eb,fold_macro,horizon,30d,6849,0.13290022002115492,0.4187762970864695,0.08307620682755955,-0.33098375757553233,0.8861007480983064,fold_macro_mean,22.0,completed,robustness_non_confirmatory,True
last_trade_only,,hierarchical_eb,fold_macro,horizon,3d,35649,0.09880590076499979,0.31856135715034567,0.0670643357271145,-0.6487767555374878,0.9494813152068512,fold_macro_mean,22.0,completed,robustness_non_confirmatory,True
last_trade_only,,hierarchical_eb,fold_macro,horizon,6h,178491,0.10079864616807455,0.321190997692797,0.07732802877285765,-0.8747175786258271,0.8997869288246808,fold_macro_mean,22.0,completed,robustness_non_confirmatory,True
last_trade_only,,hierarchical_eb,fold_macro,horizon,7d,14899,0.10444066663652402,0.33365994755203865,0.06915211465594712,-0.467461786762631,0.9488435209789075,fold_macro_mean,22.0,completed,robustness_non_confirmatory,True
last_trade_only,,hierarchical_eb,fold_macro,horizon,close,322768,0.04445781323704792,0.16126666842599427,0.054759473922303,-1.2597187005544621,1.1531003860735691,fold_macro_mean,22.0,completed,robustness_non_confirmatory,True
last_trade_only,,hierarchical_eb,fold_macro,overall,overall,1190716,0.07509478377068496,0.24826936943505207,0.06439177958609112,-0.9181784599703176,1.001799600840494,fold_macro_mean,22.0,completed,robustness_non_confirmatory,True
last_trade_only,,isotonic,fold_macro,horizon,14d,9830,0.11294576945653567,0.3579365868317938,0.05638344757001179,0.10795760639946944,0.921728112710314,fold_macro_mean,22.0,completed,robustness_non_confirmatory,True
last_trade_only,,isotonic,fold_macro,horizon,15m,318960,0.05810045686121602,0.20128996741984456,0.014086035562189398,9.645051222076653e-05,1.0616390225077479,fold_macro_mean,22.0,completed,robustness_non_confirmatory,True
last_trade_only,,isotonic,fold_macro,horizon,1d,89927,0.1103898479858143,0.3546298875464215,0.024684744811119062,-0.03308510693964758,0.859256735646538,fold_macro_mean,22.0,completed,robustness_non_confirmatory,True
last_trade_only,,isotonic,fold_macro,horizon,1h,213343,0.05518031502712704,0.19131592211986284,0.015113522752483434,0.01864261259585432,1.0469092818523562,fold_macro_mean,22.0,completed,robustness_non_confirmatory,True
last_trade_only,,isotonic,fold_macro,horizon,30d,6849,0.12742306213868806,0.4029326968997088,0.07200118762208071,0.0421363250088679,0.9124582464303579,fold_macro_mean,22.0,completed,robustness_non_confirmatory,True
last_trade_only,,isotonic,fold_macro,horizon,3d,35649,0.08913692388171178,0.2995487747025009,0.032557471305463305,0.13099246598562583,0.9078973307336945,fold_macro_mean,22.0,completed,robustness_non_confirmatory,True
last_trade_only,,isotonic,fold_macro,horizon,6h,178491,0.08823359499301554,0.2904471350315257,0.0222408164122778,0.03083873466472484,0.8780003233401121,fold_macro_mean,22.0,completed,robustness_non_confirmatory,True
last_trade_only,,isotonic,fold_macro,horizon,7d,14899,0.09927834765895494,0.3248267425867249,0.04553047750969261,0.08940679934104848,0.9319901812487646,fold_macro_mean,22.0,completed,robustness_non_confirmatory,True
last_trade_only,,isotonic,fold_macro,horizon,close,322768,0.03518013306456589,0.13629229493655481,0.01936059212517193,-0.10944976975643597,1.1687494008319705,fold_macro_mean,22.0,completed,robustness_non_confirmatory,True
last_trade_only,,isotonic,fold_macro,overall,overall,1190716,0.06459809140384964,0.2214307952894788,0.011237036041135086,0.020357256724532827,1.0024883585228492,fold_macro_mean,22.0,completed,robustness_non_confirmatory,True
last_trade_only,,platt,fold_macro,horizon,14d,9830,0.11274648257564333,0.35587550564763243,0.054281985532267776,0.07497893701245524,0.9228493603526264,fold_macro_mean,22.0,completed,robustness_non_confirmatory,True
last_trade_only,,platt,fold_macro,horizon,15m,318960,0.05798102425755668,0.19620265352579197,0.013154650330334154,-0.06788620978241186,1.0646305105570304,fold_macro_mean,22.0,completed,robustness_non_confirmatory,True
last_trade_only,,platt,fold_macro,horizon,1d,89927,0.110212438018763,0.3485768896189224,0.02404980587177978,-0.042720000726559196,0.8845782152189887,fold_macro_mean,22.0,completed,robustness_non_confirmatory,True
last_trade_only,,platt,fold_macro,horizon,1h,213343,0.05505625982355573,0.1865887628308658,0.014106281364587329,-0.04943881038614925,1.051955220946897,fold_macro_mean,22.0,completed,robustness_non_confirmatory,True
last_trade_only,,platt,fold_macro,horizon,30d,6849,0.12759033301862052,0.4033899855270679,0.07322653661546255,0.018826483694959376,0.9075637357261925,fold_macro_mean,22.0,completed,robustness_non_confirmatory,True
last_trade_only,,platt,fold_macro,horizon,3d,35649,0.08910185215154252,0.2918568562608938,0.029983850822769113,0.093917716510571,0.9295115585377512,fold_macro_mean,22.0,completed,robustness_non_confirmatory,True
last_trade_only,,platt,fold_macro,horizon,6h,178491,0.08799189946660123,0.28380487349156924,0.019818887903094648,-0.011882538432098378,0.9049216270122631,fold_macro_mean,22.0,completed,robustness_non_confirmatory,True
last_trade_only,,platt,fold_macro,horizon,7d,14899,0.09913423753382612,0.3167332428003987,0.047288296569095986,0.04921233353420696,0.9493244475487949,fold_macro_mean,22.0,completed,robustness_non_confirmatory,True
last_trade_only,,platt,fold_macro,horizon,close,322768,0.035089867984840435,0.13007465558340528,0.01792426147396639,-0.21835500406410757,1.1557693157986568,fold_macro_mean,22.0,completed,robustness_non_confirmatory,True
last_trade_only,,platt,fold_macro,overall,overall,1190716,0.06446357277541682,0.21574480647914884,0.009614601487315947,-0.04053203067536503,1.0087850184233784,fold_macro_mean,22.0,completed,robustness_non_confirmatory,True
last_trade_only,,raw,fold_macro,horizon,14d,9830,0.11225558475488756,0.35382120443937165,0.05962414726616394,0.048180999863275405,1.1011616405452116,fold_macro_mean,22.0,completed,robustness_non_confirmatory,True
last_trade_only,,raw,fold_macro,horizon,15m,318960,0.05892053150147774,0.20218177247999475,0.0278824089646966,-0.09709049808693862,1.2701557528517489,fold_macro_mean,22.0,completed,robustness_non_confirmatory,True
last_trade_only,,raw,fold_macro,horizon,1d,89927,0.11002583391414684,0.3474692056670473,0.022326409191135963,-0.06785353775092212,1.0553320559117907,fold_macro_mean,22.0,completed,robustness_non_confirmatory,True
last_trade_only,,raw,fold_macro,horizon,1h,213343,0.055841239868975906,0.19175380902416597,0.025833182443525338,-0.0785179828721958,1.254650036645839,fold_macro_mean,22.0,completed,robustness_non_confirmatory,True
last_trade_only,,raw,fold_macro,horizon,30d,6849,0.12651535297583,0.3975367371634272,0.06980011618140665,-0.016356004269210418,1.0457023412147288,fold_macro_mean,22.0,completed,robustness_non_confirmatory,True
last_trade_only,,raw,fold_macro,horizon,3d,35649,0.08899404991193317,0.2909494742304483,0.028935597201594918,0.06854856437838713,1.1087458833806734,fold_macro_mean,22.0,completed,robustness_non_confirmatory,True
last_trade_only,,raw,fold_macro,horizon,6h,178491,0.08783279002215207,0.28292721719655,0.019519687064629657,-0.03865573490342145,1.0797434732876665,fold_macro_mean,22.0,completed,robustness_non_confirmatory,True
last_trade_only,,raw,fold_macro,horizon,7d,14899,0.09911674079692992,0.31730241415767185,0.05066541542399165,0.023148011570101133,1.1325334132185803,fold_macro_mean,22.0,completed,robustness_non_confirmatory,True
last_trade_only,,raw,fold_macro,horizon,close,322768,0.03644245596630214,0.13851401957368334,0.03227052505524794,-0.2530641791082843,1.379069429660952,fold_macro_mean,22.0,completed,robustness_non_confirmatory,True
last_trade_only,,raw,fold_macro,overall,overall,1190716,0.06514020089653247,0.21998160955384763,0.022841222502639893,-0.07002563579575637,1.2036205090727157,fold_macro_mean,22.0,completed,robustness_non_confirmatory,True
short_window_vwap_primary,,beta,pooled_equal_contract,overall,overall,1190716,0.06984150251724651,0.23392277589942737,0.007139403777391633,-0.018329956889249665,0.9416413188792747,converged,,completed,robustness_non_confirmatory,True
short_window_vwap_primary,,binned_reliability,pooled_equal_contract,overall,overall,1190716,0.07027896192367734,0.23993634140456216,0.0076186887670120895,-0.008122760543750782,0.9312505912964363,converged,,completed,robustness_non_confirmatory,True
short_window_vwap_primary,,hierarchical_eb,pooled_equal_contract,overall,overall,1190716,0.07822781542183035,0.25732729367453283,0.05497147936201307,-0.7607708515361301,0.923297245188759,converged,,completed,robustness_non_confirmatory,True
short_window_vwap_primary,,isotonic,pooled_equal_contract,overall,overall,1190716,0.0698960480518536,0.24072102079796937,0.00837269078026803,0.0191820679068499,0.9269489093353229,converged,,completed,robustness_non_confirmatory,True
short_window_vwap_primary,,platt,pooled_equal_contract,overall,overall,1190716,0.06980608295551054,0.2337431326432639,0.006243607251654722,-0.019369683691534505,0.9435398941053676,converged,,completed,robustness_non_confirmatory,True
short_window_vwap_primary,,raw,pooled_equal_contract,overall,overall,1190716,0.07037171784004109,0.23647792573391196,0.020963056369808886,-0.08381720633107963,1.157399939806656,converged,,completed,robustness_non_confirmatory,True
short_window_vwap_primary,,beta,pooled_equal_contract,horizon,14d,9830,0.10462163174330634,0.33088171894905843,0.01960146129637392,0.0005422237826718998,0.900498361268274,converged,,completed,robustness_non_confirmatory,True
short_window_vwap_primary,,beta,pooled_equal_contract,horizon,15m,318960,0.06666978821295727,0.22540705741409223,0.006683413541331129,-0.014380740602760128,0.9671744519205233,converged,,completed,robustness_non_confirmatory,True
short_window_vwap_primary,,beta,pooled_equal_contract,horizon,1d,89927,0.11207198799210771,0.3555184020754932,0.02243772436568877,-0.04836975735330055,0.8182378467160591,converged,,completed,robustness_non_confirmatory,True
short_window_vwap_primary,,beta,pooled_equal_contract,horizon,1h,213343,0.06523498318124703,0.22285051611840062,0.010609052198834623,-0.06062082857791934,0.8966191027406702,converged,,completed,robustness_non_confirmatory,True
short_window_vwap_primary,,beta,pooled_equal_contract,horizon,30d,6849,0.11094513772649874,0.35388954485982055,0.019656846221982032,0.0097032979217373,0.8767925060099715,converged,,completed,robustness_non_confirmatory,True
short_window_vwap_primary,,beta,pooled_equal_contract,horizon,3d,35649,0.10639933168770904,0.3383146422905836,0.02187388755399595,-0.007794324904861874,0.835703056528324,converged,,completed,robustness_non_confirmatory,True
short_window_vwap_primary,,beta,pooled_equal_contract,horizon,6h,178491,0.09336971135286753,0.3002736177687365,0.018435069220676174,-0.002547020577542367,0.8527971972270377,converged,,completed,robustness_non_confirmatory,True
short_window_vwap_primary,,beta,pooled_equal_contract,horizon,7d,14899,0.10520888677634854,0.33085999679538375,0.01652578732705014,-0.057635417883157146,0.8969420840648102,converged,,completed,robustness_non_confirmatory,True
short_window_vwap_primary,,beta,pooled_equal_contract,horizon,close,322768,0.043641842330302355,0.15758346278893068,0.011886723614026352,-0.05398154443592548,1.0724333345046253,converged,,completed,robustness_non_confirmatory,True
short_window_vwap_primary,,binned_reliability,pooled_equal_contract,horizon,14d,9830,0.10533027926885379,0.3380594798231482,0.022145778644294383,-0.012949085126216236,0.8621094610009505,converged,,completed,robustness_non_confirmatory,True
short_window_vwap_primary,,binned_reliability,pooled_equal_contract,horizon,15m,318960,0.06708965818144773,0.23144488081620337,0.007209389219635867,-0.003078142424298671,0.9502358190657324,converged,,completed,robustness_non_confirmatory,True
short_window_vwap_primary,,binned_reliability,pooled_equal_contract,horizon,1d,89927,0.11287783517772716,0.36289728100744834,0.025156177926936547,-0.05162849270546767,0.7949934887290961,converged,,completed,robustness_non_confirmatory,True
short_window_vwap_primary,,binned_reliability,pooled_equal_contract,horizon,1h,213343,0.06573739711694006,0.22995394014422432,0.01114728941747175,-0.04526089856319097,0.8941385386392772,converged,,completed,robustness_non_confirmatory,True
short_window_vwap_primary,,binned_reliability,pooled_equal_contract,horizon,30d,6849,0.11119998428142903,0.3553968629209362,0.020625311231224273,0.003725762453045834,0.8553306558208363,converged,,completed,robustness_non_confirmatory,True
short_window_vwap_primary,,binned_reliability,pooled_equal_contract,horizon,3d,35649,0.10705360503551288,0.34492229076577813,0.024348794651953765,-0.015171210245656737,0.820363641329791,converged,,completed,robustness_non_confirmatory,True
short_window_vwap_primary,,binned_reliability,pooled_equal_contract,horizon,6h,178491,0.09397349013430582,0.30788804193554464,0.019834772441513094,-0.0010619564057917125,0.842767781030428,converged,,completed,robustness_non_confirmatory,True
short_window_vwap_primary,,binned_reliability,pooled_equal_contract,horizon,7d,14899,0.10609916260424886,0.3368378791154811,0.020138774664366275,-0.07145591579738302,0.8674746180184686,converged,,completed,robustness_non_confirmatory,True
short_window_vwap_primary,,binned_reliability,pooled_equal_contract,horizon,close,322768,0.04380990526299573,0.1615832104537056,0.011579246169750273,-0.034253831052169614,1.0671489006352373,converged,,completed,robustness_non_confirmatory,True
short_window_vwap_primary,,hierarchical_eb,pooled_equal_contract,horizon,14d,9830,0.1120424229814606,0.35396434978948227,0.05694847149288876,-0.5477475508412081,0.8855051235741106,converged,,completed,robustness_non_confirmatory,True
short_window_vwap_primary,,hierarchical_eb,pooled_equal_contract,horizon,15m,318960,0.07407277351104859,0.2462291054267484,0.051286320103103474,-0.7312188052564845,0.9466029483120064,converged,,completed,robustness_non_confirmatory,True
short_window_vwap_primary,,hierarchical_eb,pooled_equal_contract,horizon,1d,89927,0.1218012668831973,0.37930942109041454,0.06264673110439117,-0.6106456490584792,0.8034511560614036,converged,,completed,robustness_non_confirmatory,True
short_window_vwap_primary,,hierarchical_eb,pooled_equal_contract,horizon,1h,213343,0.07461819899333902,0.249498989660757,0.057910896909374725,-0.8820685574536605,0.8768872939730545,converged,,completed,robustness_non_confirmatory,True
short_window_vwap_primary,,hierarchical_eb,pooled_equal_contract,horizon,30d,6849,0.11651911623373193,0.37005957022031377,0.043304065602067024,-0.39812166625787393,0.860794427055162,converged,,completed,robustness_non_confirmatory,True
short_window_vwap_primary,,hierarchical_eb,pooled_equal_contract,horizon,3d,35649,0.11977708758462488,0.37304451891650475,0.08013083780604735,-0.7577829201680374,0.8342817676349998,converged,,completed,robustness_non_confirmatory,True
short_window_vwap_primary,,hierarchical_eb,pooled_equal_contract,horizon,6h,178491,0.1037825012068355,0.32796658818133245,0.06649758805435609,-0.7512399570791293,0.8321145438320832,converged,,completed,robustness_non_confirmatory,True
short_window_vwap_primary,,hierarchical_eb,pooled_equal_contract,horizon,7d,14899,0.11455288391254868,0.35888724991883925,0.06902668470051451,-0.656119900199148,0.8862795280275694,converged,,completed,robustness_non_confirmatory,True
short_window_vwap_primary,,hierarchical_eb,pooled_equal_contract,horizon,close,322768,0.05033972076923472,0.17761566217499639,0.044964064534612574,-0.8408696712431634,1.0468399065910723,converged,,completed,robustness_non_confirmatory,True
short_window_vwap_primary,,isotonic,pooled_equal_contract,horizon,14d,9830,0.10480327806480537,0.3343324424604069,0.018816044028531598,0.03817934482903421,0.8943659899822011,converged,,completed,robustness_non_confirmatory,True
short_window_vwap_primary,,isotonic,pooled_equal_contract,horizon,15m,318960,0.06670117937566208,0.23118242940548975,0.007833531600705981,0.021815694939574123,0.9589341012571668,converged,,completed,robustness_non_confirmatory,True
short_window_vwap_primary,,isotonic,pooled_equal_contract,horizon,1d,89927,0.11221336573539244,0.3641503099147478,0.02414313136925581,-0.04101057103897436,0.7831018123547074,converged,,completed,robustness_non_confirmatory,True
short_window_vwap_primary,,isotonic,pooled_equal_contract,horizon,1h,213343,0.06526905369047449,0.2307715338150665,0.010291189796911683,-0.02078048390315056,0.8760790382723002,converged,,completed,robustness_non_confirmatory,True
short_window_vwap_primary,,isotonic,pooled_equal_contract,horizon,30d,6849,0.11096863394583104,0.35527043602709274,0.018385261020808456,0.04291455462204758,0.875671682873003,converged,,completed,robustness_non_confirmatory,True
short_window_vwap_primary,,isotonic,pooled_equal_contract,horizon,3d,35649,0.1064006741699838,0.3484563284351357,0.022742849997711628,0.014459817142407615,0.8012384815055804,converged,,completed,robustness_non_confirmatory,True
short_window_vwap_primary,,isotonic,pooled_equal_contract,horizon,6h,178491,0.09355077285401424,0.3081800815633716,0.019682929499717953,0.015595350579979265,0.8189448416495126,converged,,completed,robustness_non_confirmatory,True
short_window_vwap_primary,,isotonic,pooled_equal_contract,horizon,7d,14899,0.10535970406468269,0.33708168630112006,0.017612735843340863,-0.019954700373059395,0.8814761238397943,converged,,completed,robustness_non_confirmatory,True
short_window_vwap_primary,,isotonic,pooled_equal_contract,horizon,close,322768,0.04363686690684981,0.163400898779243,0.012800544913352134,-0.001449304372536324,1.070127865870537,converged,,completed,robustness_non_confirmatory,True
short_window_vwap_primary,,platt,pooled_equal_contract,horizon,14d,9830,0.10468053773856087,0.33118558743090715,0.019716077412869522,-0.00028139070939510425,0.8973720220981071,converged,,completed,robustness_non_confirmatory,True
short_window_vwap_primary,,platt,pooled_equal_contract,horizon,15m,318960,0.06662505309052036,0.2251941145698623,0.00521185394883048,-0.015755935808271206,0.9682395847656978,converged,,completed,robustness_non_confirmatory,True
short_window_vwap_primary,,platt,pooled_equal_contract,horizon,1d,89927,0.11208801117627137,0.35540233402633264,0.022774563168943874,-0.04126508527702731,0.8233216033347286,converged,,completed,robustness_non_confirmatory,True
short_window_vwap_primary,,platt,pooled_equal_contract,horizon,1h,213343,0.06520064858348433,0.22267684720030131,0.01015628032241955,-0.06509501407569941,0.8990574618882683,converged,,completed,robustness_non_confirmatory,True
short_window_vwap_primary,,platt,pooled_equal_contract,horizon,30d,6849,0.11096161902193556,0.3543376201345048,0.020124278353152922,0.008778153579314921,0.8736814973403123,converged,,completed,robustness_non_confirmatory,True
short_window_vwap_primary,,platt,pooled_equal_contract,horizon,3d,35649,0.10641621328772706,0.3381252662413961,0.02189580593344764,-0.006553023609339018,0.8384811357560672,converged,,completed,robustness_non_confirmatory,True
short_window_vwap_primary,,platt,pooled_equal_contract,horizon,6h,178491,0.09337389581575116,0.3001688376151816,0.01845281465098432,0.0007255459287424705,0.8575014329815219,converged,,completed,robustness_non_confirmatory,True
short_window_vwap_primary,,platt,pooled_equal_contract,horizon,7d,14899,0.10522668170427017,0.33092963265453623,0.01724899505523149,-0.05838893150626427,0.8942865829645602,converged,,completed,robustness_non_confirmatory,True
short_window_vwap_primary,,platt,pooled_equal_contract,horizon,close,322768,0.043566470702057394,0.15733518796404028,0.011485705596492667,-0.05919388727224104,1.0721814153730942,converged,,completed,robustness_non_confirmatory,True
short_window_vwap_primary,,raw,pooled_equal_contract,horizon,14d,9830,0.10441594572801635,0.3309171170809668,0.014833986524521715,-0.04285401238789753,1.086946996793349,converged,,completed,robustness_non_confirmatory,True
short_window_vwap_primary,,raw,pooled_equal_contract,horizon,15m,318960,0.06742729036458499,0.22919240222491383,0.024201330483923568,-0.08192534838287166,1.187770515105936,converged,,completed,robustness_non_confirmatory,True
short_window_vwap_primary,,raw,pooled_equal_contract,horizon,1d,89927,0.11153555660413933,0.35125141275412347,0.011034358149351924,-0.09301408029682928,1.0067575630270247,converged,,completed,robustness_non_confirmatory,True
short_window_vwap_primary,,raw,pooled_equal_contract,horizon,1h,213343,0.0655846632564239,0.22371082925563013,0.01831677824937272,-0.12938919530155857,1.1060947611409533,converged,,completed,robustness_non_confirmatory,True
short_window_vwap_primary,,raw,pooled_equal_contract,horizon,30d,6849,0.1105548843567369,0.35213265575728064,0.010976677475307018,-0.02895536717273099,1.0585617660564746,converged,,completed,robustness_non_confirmatory,True
short_window_vwap_primary,,raw,pooled_equal_contract,horizon,3d,35649,0.10587914727725045,0.3343509088220568,0.009998118732382252,-0.06389844355819524,1.0224255058776552,converged,,completed,robustness_non_confirmatory,True
short_window_vwap_primary,,raw,pooled_equal_contract,horizon,6h,178491,0.09293971823346736,0.29758159296463604,0.01000133380762521,-0.05939347041353345,1.051408150832359,converged,,completed,robustness_non_confirmatory,True
short_window_vwap_primary,,raw,pooled_equal_contract,horizon,7d,14899,0.10508294600749118,0.3312000034591082,0.016910830888034672,-0.11000161979399078,1.0862305535898737,converged,,completed,robustness_non_confirmatory,True
short_window_vwap_primary,,raw,pooled_equal_contract,horizon,close,322768,0.04508320559183489,0.16583609166830754,0.03333253398644207,-0.13330994990409095,1.3168816321327108,converged,,completed,robustness_non_confirmatory,True
short_window_vwap_primary,,beta,fold_macro,horizon,14d,9830,0.11266140527096424,0.3554666062684311,0.054585196779330186,0.06836252519173192,0.919545304614612,fold_macro_mean,22.0,completed,robustness_non_confirmatory,True
short_window_vwap_primary,,beta,fold_macro,horizon,15m,318960,0.0585193283452216,0.19717505183173156,0.014094298165905905,-0.06361697402273038,1.0733744605748559,fold_macro_mean,22.0,completed,robustness_non_confirmatory,True
short_window_vwap_primary,,beta,fold_macro,horizon,1d,89927,0.11021030757383943,0.348465985073114,0.024160318006733336,-0.05751521178607788,0.8747759480650362,fold_macro_mean,22.0,completed,robustness_non_confirmatory,True
short_window_vwap_primary,,beta,fold_macro,horizon,1h,213343,0.055168530051922036,0.1866255961048883,0.014242671085068874,-0.051435558910272565,1.0493364432410908,fold_macro_mean,22.0,completed,robustness_non_confirmatory,True
short_window_vwap_primary,,beta,fold_macro,horizon,30d,6849,0.12757105019044113,0.4029664285970274,0.07239600870810553,0.01073642903258112,0.9043772377318963,fold_macro_mean,22.0,completed,robustness_non_confirmatory,True
short_window_vwap_primary,,beta,fold_macro,horizon,3d,35649,0.08909743118025172,0.2922565724343736,0.03039308386081193,0.08850857251016185,0.9192154869795593,fold_macro_mean,22.0,completed,robustness_non_confirmatory,True
short_window_vwap_primary,,beta,fold_macro,horizon,6h,178491,0.08799381958543197,0.28367796981796667,0.020375395425380288,-0.016235647097656916,0.8972886801156087,fold_macro_mean,22.0,completed,robustness_non_confirmatory,True
short_window_vwap_primary,,beta,fold_macro,horizon,7d,14899,0.09914381706965626,0.3170259994730534,0.04725706689457229,0.04384826566457314,0.9446401243421202,fold_macro_mean,22.0,completed,robustness_non_confirmatory,True
short_window_vwap_primary,,beta,fold_macro,horizon,close,322768,0.03741548548969517,0.13580818879701076,0.020473878148599675,-0.1805417303868191,1.2157387446880425,fold_macro_mean,22.0,completed,robustness_non_confirmatory,True
short_window_vwap_primary,,beta,fold_macro,overall,overall,1190716,0.06530611018669691,0.21771547309085743,0.010254709554177555,-0.03624810711603029,1.0176756178517208,fold_macro_mean,22.0,completed,robustness_non_confirmatory,True
short_window_vwap_primary,,binned_reliability,fold_macro,horizon,14d,9830,0.11358377330634985,0.3639032344762061,0.05957225886384647,0.06026138933476755,0.8787971500031417,fold_macro_mean,22.0,completed,robustness_non_confirmatory,True
short_window_vwap_primary,,binned_reliability,fold_macro,horizon,15m,318960,0.058868216838009475,0.20188698857491927,0.013078073175947634,-0.05805216006135059,1.0686873346476842,fold_macro_mean,22.0,completed,robustness_non_confirmatory,True
short_window_vwap_primary,,binned_reliability,fold_macro,horizon,1d,89927,0.11096608766583431,0.35520435855603,0.026019388562555076,-0.06478528768424448,0.8449385394884465,fold_macro_mean,22.0,completed,robustness_non_confirmatory,True
short_window_vwap_primary,,binned_reliability,fold_macro,horizon,1h,213343,0.05559320515480837,0.19158149873695843,0.014621980935234117,-0.048890532966083325,1.0587703356239553,fold_macro_mean,22.0,completed,robustness_non_confirmatory,True
short_window_vwap_primary,,binned_reliability,fold_macro,horizon,30d,6849,0.1277617505155153,0.40307243893506395,0.07045442429844131,0.009615364520093692,0.8776096615787264,fold_macro_mean,22.0,completed,robustness_non_confirmatory,True
short_window_vwap_primary,,binned_reliability,fold_macro,horizon,3d,35649,0.08965282203749818,0.29966823683402966,0.03219983297041402,0.07682189576461172,0.8935416224375394,fold_macro_mean,22.0,completed,robustness_non_confirmatory,True
short_window_vwap_primary,,binned_reliability,fold_macro,horizon,6h,178491,0.08862966504834915,0.29102346755061104,0.020896222801987874,-0.02296878084290975,0.8946871847334438,fold_macro_mean,22.0,completed,robustness_non_confirmatory,True
short_window_vwap_primary,,binned_reliability,fold_macro,horizon,7d,14899,0.09980457756302162,0.3233801093314201,0.04745863208735286,0.030517825257560492,0.9160271752612759,fold_macro_mean,22.0,completed,robustness_non_confirmatory,True
short_window_vwap_primary,,binned_reliability,fold_macro,horizon,close,322768,0.037502290827667366,0.13827079131801467,0.02118099936994527,-0.17314634271242546,1.224643369506981,fold_macro_mean,22.0,completed,robustness_non_confirmatory,True
short_window_vwap_primary,,binned_reliability,fold_macro,overall,overall,1190716,0.06569910923412277,0.22259970283844532,0.010102173029529198,-0.032822831504856036,1.0130158321766014,fold_macro_mean,22.0,completed,robustness_non_confirmatory,True
short_window_vwap_primary,,hierarchical_eb,fold_macro,horizon,14d,9830,0.11843075737402095,0.3747001448323795,0.07098229501130719,-0.4143027419334197,0.9032853903455943,fold_macro_mean,22.0,completed,robustness_non_confirmatory,True
short_window_vwap_primary,,hierarchical_eb,fold_macro,horizon,15m,318960,0.06962473332627456,0.23165719847982916,0.06615521216522732,-1.0494689133681976,1.0659342207403268,fold_macro_mean,22.0,completed,robustness_non_confirmatory,True
short_window_vwap_primary,,hierarchical_eb,fold_macro,horizon,1d,89927,0.12266565443895222,0.38068614986193167,0.07968453554185623,-0.7102928697261867,0.8889266449592582,fold_macro_mean,22.0,completed,robustness_non_confirmatory,True
short_window_vwap_primary,,hierarchical_eb,fold_macro,horizon,1h,213343,0.0675256386346286,0.22554778036094467,0.06883796231457834,-1.1321801836892214,1.0418045846877229,fold_macro_mean,22.0,completed,robustness_non_confirmatory,True
short_window_vwap_primary,,hierarchical_eb,fold_macro,horizon,30d,6849,0.13308910851820366,0.4195512300260193,0.0833467745931019,-0.3354584349022642,0.8775871235420484,fold_macro_mean,22.0,completed,robustness_non_confirmatory,True
short_window_vwap_primary,,hierarchical_eb,fold_macro,horizon,3d,35649,0.09912130794107794,0.3195666530746127,0.06806982818616975,-0.657114528330535,0.9411618079768199,fold_macro_mean,22.0,completed,robustness_non_confirmatory,True
short_window_vwap_primary,,hierarchical_eb,fold_macro,horizon,6h,178491,0.10116548046321835,0.3222658680815626,0.0779921240537166,-0.8835920981424987,0.8920298458480764,fold_macro_mean,22.0,completed,robustness_non_confirmatory,True
short_window_vwap_primary,,hierarchical_eb,fold_macro,horizon,7d,14899,0.1046486612855194,0.3344401779939337,0.0687432120861258,-0.47199773324463673,0.9402516502610875,fold_macro_mean,22.0,completed,robustness_non_confirmatory,True
short_window_vwap_primary,,hierarchical_eb,fold_macro,horizon,close,322768,0.04747832900639952,0.16876071021884648,0.058375138183888405,-1.2756243810402572,1.2021245611514981,fold_macro_mean,22.0,completed,robustness_non_confirmatory,True
short_window_vwap_primary,,hierarchical_eb,fold_macro,overall,overall,1190716,0.07632897387355302,0.25127026903634814,0.0658659650975822,-0.9276870606262583,1.0070114010415816,fold_macro_mean,22.0,completed,robustness_non_confirmatory,True
short_window_vwap_primary,,isotonic,fold_macro,horizon,14d,9830,0.11299100682976058,0.35814828643849533,0.056148350600624085,0.10340967908028274,0.9131728229946248,fold_macro_mean,22.0,completed,robustness_non_confirmatory,True
short_window_vwap_primary,,isotonic,fold_macro,horizon,15m,318960,0.05858379593399359,0.201144685813753,0.014280334637650148,-0.01621465603554685,1.0682081227754272,fold_macro_mean,22.0,completed,robustness_non_confirmatory,True
short_window_vwap_primary,,isotonic,fold_macro,horizon,1d,89927,0.11036506908630866,0.3543391774725534,0.025067573595446445,-0.03586335248305933,0.8550047166684536,fold_macro_mean,22.0,completed,robustness_non_confirmatory,True
short_window_vwap_primary,,isotonic,fold_macro,horizon,1h,213343,0.05526435558996538,0.19132874224288035,0.014862717623260812,0.0037232035063379898,1.0392152793010265,fold_macro_mean,22.0,completed,robustness_non_confirmatory,True
short_window_vwap_primary,,isotonic,fold_macro,horizon,30d,6849,0.1274708097370809,0.4031756696778679,0.07274279744491761,0.0376185301387853,0.903603651131371,fold_macro_mean,22.0,completed,robustness_non_confirmatory,True
short_window_vwap_primary,,isotonic,fold_macro,horizon,3d,35649,0.08916161690659058,0.29964858679879874,0.03309119554153104,0.12451747396341868,0.8998912325924326,fold_macro_mean,22.0,completed,robustness_non_confirmatory,True
short_window_vwap_primary,,isotonic,fold_macro,horizon,6h,178491,0.0882028127963838,0.290272557593179,0.02201954201785872,0.022324870850742185,0.8711651718206057,fold_macro_mean,22.0,completed,robustness_non_confirmatory,True
short_window_vwap_primary,,isotonic,fold_macro,horizon,7d,14899,0.09938461656359175,0.32502744154860186,0.045682184531066046,0.08373517462649994,0.9232627005466914,fold_macro_mean,22.0,completed,robustness_non_confirmatory,True
short_window_vwap_primary,,isotonic,fold_macro,horizon,close,322768,0.03743083181457635,0.14007795304170959,0.021285768566960735,-0.11992804028692078,1.21898070446874,fold_macro_mean,22.0,completed,robustness_non_confirmatory,True
short_window_vwap_primary,,isotonic,fold_macro,overall,overall,1190716,0.06540139010830316,0.22262826637766955,0.01115219492620935,0.0090644700249977,1.008558692245624,fold_macro_mean,22.0,completed,robustness_non_confirmatory,True
short_window_vwap_primary,,platt,fold_macro,horizon,14d,9830,0.11278513616048627,0.3561238423454745,0.055086779992494166,0.0688885476692275,0.9147031661981078,fold_macro_mean,22.0,completed,robustness_non_confirmatory,True
short_window_vwap_primary,,platt,fold_macro,horizon,15m,318960,0.0584636036177014,0.19712615178323567,0.01346124721386874,-0.06679243387766153,1.068190515128222,fold_macro_mean,22.0,completed,robustness_non_confirmatory,True
short_window_vwap_primary,,platt,fold_macro,horizon,1d,89927,0.11022537510680959,0.3485628885160574,0.02430142674461546,-0.047358129300162165,0.878563339129416,fold_macro_mean,22.0,completed,robustness_non_confirmatory,True
short_window_vwap_primary,,platt,fold_macro,horizon,1h,213343,0.055135799749489296,0.18669123330640414,0.014154025917905962,-0.05436135411400749,1.046206114411522,fold_macro_mean,22.0,completed,robustness_non_confirmatory,True
short_window_vwap_primary,,platt,fold_macro,horizon,30d,6849,0.12765493911302545,0.40378172428605585,0.07402300832891885,0.012642409380508039,0.8992584303954545,fold_macro_mean,22.0,completed,robustness_non_confirmatory,True
short_window_vwap_primary,,platt,fold_macro,horizon,3d,35649,0.08912096807802064,0.2920623736439035,0.03077793078611275,0.0873032462778397,0.9214540622438815,fold_macro_mean,22.0,completed,robustness_non_confirmatory,True
short_window_vwap_primary,,platt,fold_macro,horizon,6h,178491,0.08800206654944874,0.2838892214715317,0.02009006426317468,-0.01837072466434573,0.897403334781993,fold_macro_mean,22.0,completed,robustness_non_confirmatory,True
short_window_vwap_primary,,platt,fold_macro,horizon,7d,14899,0.09919785116684161,0.31699873772854886,0.04781804295511736,0.04305288476377238,0.9409278900287831,fold_macro_mean,22.0,completed,robustness_non_confirmatory,True
short_window_vwap_primary,,platt,fold_macro,horizon,close,322768,0.03732726212412793,0.13579142895962948,0.020066487393670257,-0.1853498892112395,1.2056329254618106,fold_macro_mean,22.0,completed,robustness_non_confirmatory,True
short_window_vwap_primary,,platt,fold_macro,overall,overall,1190716,0.06526999250655477,0.21774901783064363,0.010034381065102491,-0.03849391459646694,1.0147431141143821,fold_macro_mean,22.0,completed,robustness_non_confirmatory,True
short_window_vwap_primary,,raw,fold_macro,horizon,14d,9830,0.11225519269366092,0.353817700100683,0.059502444510744885,0.048251996773376764,1.1011809105166543,fold_macro_mean,22.0,completed,robustness_non_confirmatory,True
short_window_vwap_primary,,raw,fold_macro,horizon,15m,318960,0.05946825737494954,0.2035352430955145,0.02856260705819226,-0.08945937237196015,1.2856373990454253,fold_macro_mean,22.0,completed,robustness_non_confirmatory,True
short_window_vwap_primary,,raw,fold_macro,horizon,1d,89927,0.10999729853096142,0.34726484739820873,0.02253820081743566,-0.06659940478833044,1.0574209790458804,fold_macro_mean,22.0,completed,robustness_non_confirmatory,True
short_window_vwap_primary,,raw,fold_macro,horizon,1h,213343,0.05593298968842388,0.19196551638929193,0.025667214291213155,-0.07669481047696448,1.258726430221728,fold_macro_mean,22.0,completed,robustness_non_confirmatory,True
short_window_vwap_primary,,raw,fold_macro,horizon,30d,6849,0.12651426229042786,0.39753236145750104,0.06977325990635573,-0.0163646354468191,1.0457027484049433,fold_macro_mean,22.0,completed,robustness_non_confirmatory,True
short_window_vwap_primary,,raw,fold_macro,horizon,3d,35649,0.08898340185910213,0.2909306996352267,0.028864200436878373,0.06807383762470066,1.1087031809865182,fold_macro_mean,22.0,completed,robustness_non_confirmatory,True
short_window_vwap_primary,,raw,fold_macro,horizon,6h,178491,0.08781151698772811,0.28284802777370105,0.019652836646538833,-0.03909685250620513,1.0804014042232573,fold_macro_mean,22.0,completed,robustness_non_confirmatory,True
short_window_vwap_primary,,raw,fold_macro,horizon,7d,14899,0.09913605838353824,0.31735086758936487,0.05065588214499825,0.023298062118878374,1.1323309744394068,fold_macro_mean,22.0,completed,robustness_non_confirmatory,True
short_window_vwap_primary,,raw,fold_macro,horizon,close,322768,0.0389192714279143,0.14575294278105463,0.03594512476063345,-0.2145662285065075,1.4517682597173447,fold_macro_mean,22.0,completed,robustness_non_confirmatory,True
short_window_vwap_primary,,raw,fold_macro,overall,overall,1190716,0.06602335388536079,0.22248545560311864,0.02406885483467671,-0.061888351717309616,1.2216358949322188,fold_macro_mean,22.0,completed,robustness_non_confirmatory,True
long_window_vwap_primary,,beta,pooled_equal_contract,overall,overall,1190716,0.08250872345998934,0.2754392208688284,0.015982901314541484,-0.014417306762666159,0.9439860526872583,converged,,completed,robustness_non_confirmatory,True
long_window_vwap_primary,,binned_reliability,pooled_equal_contract,overall,overall,1190716,0.08279360930602377,0.27817983089608794,0.009849856590171374,-0.015342130307781207,0.9448640158793191,converged,,completed,robustness_non_confirmatory,True
long_window_vwap_primary,,hierarchical_eb,pooled_equal_contract,overall,overall,1190716,0.09499185884515003,0.30599336926121595,0.06744792496673989,-0.7609294804845345,0.9172961267271428,converged,,completed,robustness_non_confirmatory,True
long_window_vwap_primary,,isotonic,pooled_equal_contract,overall,overall,1190716,0.08223681426900814,0.2776421851130338,0.01158693699985485,-0.010793034523407028,0.9304247640371176,converged,,completed,robustness_non_confirmatory,True
long_window_vwap_primary,,platt,pooled_equal_contract,overall,overall,1190716,0.08248981997566522,0.275628091383984,0.015688024589656475,-0.01686445377772331,0.9407277080817635,converged,,completed,robustness_non_confirmatory,True
long_window_vwap_primary,,raw,pooled_equal_contract,overall,overall,1190716,0.08490160480585021,0.28245928633183287,0.04263125225013236,0.02084147431372961,1.316485142459027,converged,,completed,robustness_non_confirmatory,True
long_window_vwap_primary,,beta,pooled_equal_contract,horizon,14d,9830,0.10575761650006113,0.3364096330055664,0.029368167433454356,-0.0901330549115317,0.8035506298329157,converged,,completed,robustness_non_confirmatory,True
long_window_vwap_primary,,beta,pooled_equal_contract,horizon,15m,318960,0.08178357664741752,0.273560536085344,0.019816527509255707,-0.0003561022411631034,0.997121918512719,converged,,completed,robustness_non_confirmatory,True
long_window_vwap_primary,,beta,pooled_equal_contract,horizon,1d,89927,0.11344651654530713,0.36278398959682345,0.0316114474047184,-0.11361019105127133,0.7386031087595009,converged,,completed,robustness_non_confirmatory,True
long_window_vwap_primary,,beta,pooled_equal_contract,horizon,1h,213343,0.07416492774657116,0.25055328908003177,0.016153887280879808,-0.014831973197816734,0.8988750717937869,converged,,completed,robustness_non_confirmatory,True
long_window_vwap_primary,,beta,pooled_equal_contract,horizon,30d,6849,0.11174891293171081,0.35903191004908,0.03359324438746405,-0.07218484226929994,0.7863344736229876,converged,,completed,robustness_non_confirmatory,True
long_window_vwap_primary,,beta,pooled_equal_contract,horizon,3d,35649,0.10758541453953313,0.34494309343450463,0.033220194829868675,-0.0818068581581092,0.7457263279923545,converged,,completed,robustness_non_confirmatory,True
long_window_vwap_primary,,beta,pooled_equal_contract,horizon,6h,178491,0.09674302774976279,0.3143906313267454,0.02379792049935694,-0.04755252863232688,0.7956459085944372,converged,,completed,robustness_non_confirmatory,True
long_window_vwap_primary,,beta,pooled_equal_contract,horizon,7d,14899,0.10605697988445459,0.33566778103102557,0.028950074705544736,-0.1413649167105618,0.8013016443853777,converged,,completed,robustness_non_confirmatory,True
long_window_vwap_primary,,beta,pooled_equal_contract,horizon,close,322768,0.06706400156104406,0.23378199671347444,0.03491850773975796,0.024791881252022873,1.1943303292483054,converged,,completed,robustness_non_confirmatory,True
long_window_vwap_primary,,binned_reliability,pooled_equal_contract,horizon,14d,9830,0.10709339069469083,0.3440056272703728,0.033792660575665046,-0.11639382123429612,0.8014111150218973,converged,,completed,robustness_non_confirmatory,True
long_window_vwap_primary,,binned_reliability,pooled_equal_contract,horizon,15m,318960,0.08181979847241459,0.2757362081499541,0.013145462413746888,0.00018078170173334103,0.9866668939956141,converged,,completed,robustness_non_confirmatory,True
long_window_vwap_primary,,binned_reliability,pooled_equal_contract,horizon,1d,89927,0.11499442624123628,0.369033968377091,0.03815730453558872,-0.110689075371416,0.7486888705331628,converged,,completed,robustness_non_confirmatory,True
long_window_vwap_primary,,binned_reliability,pooled_equal_contract,horizon,1h,213343,0.07455846556671668,0.2541962803943078,0.012119707743630628,-0.004976209559243872,0.9228924797359075,converged,,completed,robustness_non_confirmatory,True
long_window_vwap_primary,,binned_reliability,pooled_equal_contract,horizon,30d,6849,0.11244030954927947,0.36040601972787717,0.03767604064984568,-0.10108035928589329,0.7941144121779217,converged,,completed,robustness_non_confirmatory,True
long_window_vwap_primary,,binned_reliability,pooled_equal_contract,horizon,3d,35649,0.10921757786913605,0.3515246336581292,0.03944656467175618,-0.09672252708229623,0.7641900229105347,converged,,completed,robustness_non_confirmatory,True
long_window_vwap_primary,,binned_reliability,pooled_equal_contract,horizon,6h,178491,0.09793306700313044,0.32029529845697224,0.028660857154342165,-0.05288293028364965,0.8085710355750889,converged,,completed,robustness_non_confirmatory,True
long_window_vwap_primary,,binned_reliability,pooled_equal_contract,horizon,7d,14899,0.10778559018677099,0.3425891268308373,0.03461563682984295,-0.17225212349480135,0.8061899438285136,converged,,completed,robustness_non_confirmatory,True
long_window_vwap_primary,,binned_reliability,pooled_equal_contract,horizon,close,322768,0.06641427952729126,0.23302086489780777,0.028718730673169986,0.023437311815808406,1.1667180823621233,converged,,completed,robustness_non_confirmatory,True
long_window_vwap_primary,,hierarchical_eb,pooled_equal_contract,horizon,14d,9830,0.11498211626516319,0.3666677567682659,0.06261610690323757,-0.6099805841494049,0.7869908830058007,converged,,completed,robustness_non_confirmatory,True
long_window_vwap_primary,,hierarchical_eb,pooled_equal_contract,horizon,15m,318960,0.09246647062486905,0.2987918335613564,0.06258352557062428,-0.6965778144772193,0.9714483570697996,converged,,completed,robustness_non_confirmatory,True
long_window_vwap_primary,,hierarchical_eb,pooled_equal_contract,horizon,1d,89927,0.1268426338155272,0.39544554771701307,0.07709808217153584,-0.7010270642063221,0.7188062670492193,converged,,completed,robustness_non_confirmatory,True
long_window_vwap_primary,,hierarchical_eb,pooled_equal_contract,horizon,1h,213343,0.08838703903064099,0.28474756206259205,0.06844196681247429,-0.8796710403503907,0.8674824213267437,converged,,completed,robustness_non_confirmatory,True
long_window_vwap_primary,,hierarchical_eb,pooled_equal_contract,horizon,30d,6849,0.11900040030848608,0.38105239650351425,0.05349063292714607,-0.45677767070607345,0.7676178833502659,converged,,completed,robustness_non_confirmatory,True
long_window_vwap_primary,,hierarchical_eb,pooled_equal_contract,horizon,3d,35649,0.12590171897827404,0.39410535141891034,0.0917012488851511,-0.8670083762382431,0.7402426472848046,converged,,completed,robustness_non_confirmatory,True
long_window_vwap_primary,,hierarchical_eb,pooled_equal_contract,horizon,6h,178491,0.11163009290340704,0.3526692538519399,0.07511963349648863,-0.8217691705789683,0.762993568552257,converged,,completed,robustness_non_confirmatory,True
long_window_vwap_primary,,hierarchical_eb,pooled_equal_contract,horizon,7d,14899,0.11776174991886496,0.37229760032054215,0.07555328615222792,-0.7228664229043539,0.7888142967992444,converged,,completed,robustness_non_confirmatory,True
long_window_vwap_primary,,hierarchical_eb,pooled_equal_contract,horizon,close,322768,0.07819489409888848,0.26018577806512044,0.06597190886536422,-0.7732620395403308,1.1556732731965116,converged,,completed,robustness_non_confirmatory,True
long_window_vwap_primary,,isotonic,pooled_equal_contract,horizon,14d,9830,0.10658818158978244,0.3401100596844092,0.034115220712041684,-0.06163220568248877,0.7986161741263265,converged,,completed,robustness_non_confirmatory,True
long_window_vwap_primary,,isotonic,pooled_equal_contract,horizon,15m,318960,0.08125963391945737,0.27457168682575867,0.013828088819619864,-0.0015507447478425107,0.9825964086628256,converged,,completed,robustness_non_confirmatory,True
long_window_vwap_primary,,isotonic,pooled_equal_contract,horizon,1d,89927,0.11440636716152196,0.36912531130396975,0.0381684610072077,-0.10084641385270478,0.7228619881651435,converged,,completed,robustness_non_confirmatory,True
long_window_vwap_primary,,isotonic,pooled_equal_contract,horizon,1h,213343,0.07400653949833716,0.25336758500127726,0.013892090057634952,-0.001607397468742553,0.8912966128887266,converged,,completed,robustness_non_confirmatory,True
long_window_vwap_primary,,isotonic,pooled_equal_contract,horizon,30d,6849,0.11235341693005362,0.3606148369378922,0.03784031296744482,-0.04789804442977752,0.7831587991769848,converged,,completed,robustness_non_confirmatory,True
long_window_vwap_primary,,isotonic,pooled_equal_contract,horizon,3d,35649,0.10861291703745593,0.3532432674408483,0.03926871437299231,-0.05529714317143934,0.7285487179384771,converged,,completed,robustness_non_confirmatory,True
long_window_vwap_primary,,isotonic,pooled_equal_contract,horizon,6h,178491,0.09743743995863137,0.31976760214127226,0.028768339754198555,-0.04416451655815772,0.7794438198040405,converged,,completed,robustness_non_confirmatory,True
long_window_vwap_primary,,isotonic,pooled_equal_contract,horizon,7d,14899,0.10704751203954607,0.3420226355216161,0.0350006580789934,-0.11517054211889818,0.7901883416710653,converged,,completed,robustness_non_confirmatory,True
long_window_vwap_primary,,isotonic,pooled_equal_contract,horizon,close,322768,0.06583459306066036,0.2329528882505213,0.028832179467285588,0.014954091259690126,1.1646802825991365,converged,,completed,robustness_non_confirmatory,True
long_window_vwap_primary,,platt,pooled_equal_contract,horizon,14d,9830,0.10579219737025329,0.33673137117461693,0.028609115002968567,-0.0963713856442818,0.8008194586157181,converged,,completed,robustness_non_confirmatory,True
long_window_vwap_primary,,platt,pooled_equal_contract,horizon,15m,318960,0.08175819331032054,0.2737059030627175,0.019588549905993086,-0.0013970008156894,0.9939216407347754,converged,,completed,robustness_non_confirmatory,True
long_window_vwap_primary,,platt,pooled_equal_contract,horizon,1d,89927,0.11343814735209906,0.3630079637477564,0.031660916842809014,-0.11583166656356744,0.7369985827839348,converged,,completed,robustness_non_confirmatory,True
long_window_vwap_primary,,platt,pooled_equal_contract,horizon,1h,213343,0.0741624771790566,0.2508462618790809,0.01595022484873638,-0.0199797424912768,0.8944771605119198,converged,,completed,robustness_non_confirmatory,True
long_window_vwap_primary,,platt,pooled_equal_contract,horizon,30d,6849,0.11177517301155714,0.35975937802690533,0.033806053690709555,-0.07948677571797552,0.782437965794795,converged,,completed,robustness_non_confirmatory,True
long_window_vwap_primary,,platt,pooled_equal_contract,horizon,3d,35649,0.10758363324860268,0.34504093340468656,0.0331709642046002,-0.08787524535145565,0.7442136554074763,converged,,completed,robustness_non_confirmatory,True
long_window_vwap_primary,,platt,pooled_equal_contract,horizon,6h,178491,0.09673893295595908,0.3146993660080127,0.023839804927182892,-0.0526590964237935,0.7923590792168682,converged,,completed,robustness_non_confirmatory,True
long_window_vwap_primary,,platt,pooled_equal_contract,horizon,7d,14899,0.1060733662926918,0.3355948641774324,0.029164739887676233,-0.14742805078008106,0.7997359594605439,converged,,completed,robustness_non_confirmatory,True
long_window_vwap_primary,,platt,pooled_equal_contract,horizon,close,322768,0.06702339491516401,0.2338756456758998,0.034777446496317824,0.024889535039930306,1.1904526110048164,converged,,completed,robustness_non_confirmatory,True
long_window_vwap_primary,,raw,pooled_equal_contract,horizon,14d,9830,0.10454477585766973,0.3312622803306881,0.0152281985952396,-0.04391959178544521,1.0897029089611667,converged,,completed,robustness_non_confirmatory,True
long_window_vwap_primary,,raw,pooled_equal_contract,horizon,15m,318960,0.0849954281388447,0.2842177904753974,0.051118978645340936,0.037520014525427234,1.3909794621358678,converged,,completed,robustness_non_confirmatory,True
long_window_vwap_primary,,raw,pooled_equal_contract,horizon,1d,89927,0.11201130433426083,0.35264307186369104,0.011228491444805474,-0.07921138615612892,1.0256984031003413,converged,,completed,robustness_non_confirmatory,True
long_window_vwap_primary,,raw,pooled_equal_contract,horizon,1h,213343,0.07573983012096233,0.2542852199009771,0.03408814957708806,0.013694316515612561,1.2602155664876729,converged,,completed,robustness_non_confirmatory,True
long_window_vwap_primary,,raw,pooled_equal_contract,horizon,30d,6849,0.11041022461035975,0.35179101525094586,0.012281148001306448,-0.026236246154767322,1.061579470894708,converged,,completed,robustness_non_confirmatory,True
long_window_vwap_primary,,raw,pooled_equal_contract,horizon,3d,35649,0.10593851360393963,0.33430236481327474,0.010168569627390706,-0.058796613491559575,1.029487834932065,converged,,completed,robustness_non_confirmatory,True
long_window_vwap_primary,,raw,pooled_equal_contract,horizon,6h,178491,0.09616525221781601,0.30907430254418505,0.014998949027857745,-0.022443704652373348,1.1080563467885478,converged,,completed,robustness_non_confirmatory,True
long_window_vwap_primary,,raw,pooled_equal_contract,horizon,7d,14899,0.10475977766495857,0.3303835110445926,0.01673391641127691,-0.1051404702126286,1.0960815064371268,converged,,completed,robustness_non_confirmatory,True
long_window_vwap_primary,,raw,pooled_equal_contract,horizon,close,322768,0.07270308567933326,0.25417620332028373,0.07383558148712771,0.0742693038151169,1.6711768991619735,converged,,completed,robustness_non_confirmatory,True
long_window_vwap_primary,,beta,fold_macro,horizon,14d,9830,0.11334661794365351,0.35962081336725854,0.05896817079539965,-0.02380740119645658,0.8340083278633146,fold_macro_mean,22.0,completed,robustness_non_confirmatory,True
long_window_vwap_primary,,beta,fold_macro,horizon,15m,318960,0.07305323629628797,0.24132166528436327,0.02469137701703943,-0.07047204658538454,1.1469327126410598,fold_macro_mean,22.0,completed,robustness_non_confirmatory,True
long_window_vwap_primary,,beta,fold_macro,horizon,1d,89927,0.11134076380818397,0.3528998139326496,0.030882280309178313,-0.12122608144450867,0.8105458423690206,fold_macro_mean,22.0,completed,robustness_non_confirmatory,True
long_window_vwap_primary,,beta,fold_macro,horizon,1h,213343,0.06531817208402196,0.2163509704829142,0.02014020027475335,-0.06048768935971796,1.095103735274973,fold_macro_mean,22.0,completed,robustness_non_confirmatory,True
long_window_vwap_primary,,beta,fold_macro,horizon,30d,6849,0.1286847688175641,0.40990237574075633,0.07683770814518354,-0.07614834580291016,0.8192052900284265,fold_macro_mean,22.0,completed,robustness_non_confirmatory,True
long_window_vwap_primary,,beta,fold_macro,horizon,3d,35649,0.08969675889796251,0.2954932493186911,0.038093814644652196,0.002807326135105943,0.8377050220207111,fold_macro_mean,22.0,completed,robustness_non_confirmatory,True
long_window_vwap_primary,,beta,fold_macro,horizon,6h,178491,0.093370613405876,0.3020559042161967,0.02325666402707002,-0.06496309268253227,0.8768674032760718,fold_macro_mean,22.0,completed,robustness_non_confirmatory,True
long_window_vwap_primary,,beta,fold_macro,horizon,7d,14899,0.09943801863326937,0.3193625598564608,0.04871034454943223,-0.0460293032386585,0.8599071306243666,fold_macro_mean,22.0,completed,robustness_non_confirmatory,True
long_window_vwap_primary,,beta,fold_macro,horizon,close,322768,0.06018994749902422,0.20638218958707874,0.040849826138225256,-0.09486710098870867,1.4073075921092237,fold_macro_mean,22.0,completed,robustness_non_confirmatory,True
long_window_vwap_primary,,beta,fold_macro,overall,overall,1190716,0.07792810142924136,0.25683955995280394,0.018954495825181262,-0.060060499816511966,1.0516145729284714,fold_macro_mean,22.0,completed,robustness_non_confirmatory,True
long_window_vwap_primary,,binned_reliability,fold_macro,horizon,14d,9830,0.1145831918388433,0.36746729340548684,0.059228253428131546,-0.046375083233610705,0.8242966179868042,fold_macro_mean,22.0,completed,robustness_non_confirmatory,True
long_window_vwap_primary,,binned_reliability,fold_macro,horizon,15m,318960,0.073227910851869,0.24438864347035694,0.020685677372699333,-0.07198901765646114,1.123620283293799,fold_macro_mean,22.0,completed,robustness_non_confirmatory,True
long_window_vwap_primary,,binned_reliability,fold_macro,horizon,1d,89927,0.11265533592666789,0.3598138573427543,0.033318440823120736,-0.1189352415632945,0.8052547912243803,fold_macro_mean,22.0,completed,robustness_non_confirmatory,True
long_window_vwap_primary,,binned_reliability,fold_macro,horizon,1h,213343,0.06563533757018764,0.22048852765182259,0.017663793245351927,-0.06417334939337714,1.0957189991533207,fold_macro_mean,22.0,completed,robustness_non_confirmatory,True
long_window_vwap_primary,,binned_reliability,fold_macro,horizon,30d,6849,0.1292447526137694,0.4091407428191498,0.07434058860530125,-0.09971170432714205,0.8164526073349927,fold_macro_mean,22.0,completed,robustness_non_confirmatory,True
long_window_vwap_primary,,binned_reliability,fold_macro,horizon,3d,35649,0.09063990866152373,0.3022835969371647,0.036965595096248305,-0.012306237639740626,0.8468342197798026,fold_macro_mean,22.0,completed,robustness_non_confirmatory,True
long_window_vwap_primary,,binned_reliability,fold_macro,horizon,6h,178491,0.09445297962515715,0.3085462057379754,0.0252330875411956,-0.07358788153872585,0.8776718384577908,fold_macro_mean,22.0,completed,robustness_non_confirmatory,True
long_window_vwap_primary,,binned_reliability,fold_macro,horizon,7d,14899,0.10034391237975888,0.32525404673406766,0.04848745800757452,-0.07869835777611195,0.8649496798312516,fold_macro_mean,22.0,completed,robustness_non_confirmatory,True
long_window_vwap_primary,,binned_reliability,fold_macro,horizon,close,322768,0.05985738660808936,0.20698643179462228,0.03655365636015407,-0.09920671953050979,1.3512889373615748,fold_macro_mean,22.0,completed,robustness_non_confirmatory,True
long_window_vwap_primary,,binned_reliability,fold_macro,overall,overall,1190716,0.07825739720522121,0.2603897233288994,0.015518934596169731,-0.06450098896888194,1.0370287768907303,fold_macro_mean,22.0,completed,robustness_non_confirmatory,True
long_window_vwap_primary,,hierarchical_eb,fold_macro,horizon,14d,9830,0.12080140751891849,0.38555161070387567,0.07894698347780599,-0.47207678531203495,0.8133936316226379,fold_macro_mean,22.0,completed,robustness_non_confirmatory,True
long_window_vwap_primary,,hierarchical_eb,fold_macro,horizon,15m,318960,0.08682120774982795,0.2788620295871026,0.07823606801256393,-0.9838328116870335,1.124115292333531,fold_macro_mean,22.0,completed,robustness_non_confirmatory,True
long_window_vwap_primary,,hierarchical_eb,fold_macro,horizon,1d,89927,0.12779809674350623,0.3948223681264329,0.09049831590618525,-0.7990810968495757,0.8166055614375936,fold_macro_mean,22.0,completed,robustness_non_confirmatory,True
long_window_vwap_primary,,hierarchical_eb,fold_macro,horizon,1h,213343,0.08201587657187101,0.26326550485733424,0.08072063321588005,-1.1119097974390575,1.0650822922408496,fold_macro_mean,22.0,completed,robustness_non_confirmatory,True
long_window_vwap_primary,,hierarchical_eb,fold_macro,horizon,30d,6849,0.13570937279086753,0.4320128620234018,0.0913756583323813,-0.3957485529632784,0.7873894219314466,fold_macro_mean,22.0,completed,robustness_non_confirmatory,True
long_window_vwap_primary,,hierarchical_eb,fold_macro,horizon,3d,35649,0.10316912333304469,0.332403016183672,0.07580969271503603,-0.7661700119508988,0.849004556468254,fold_macro_mean,22.0,completed,robustness_non_confirmatory,True
long_window_vwap_primary,,hierarchical_eb,fold_macro,horizon,6h,178491,0.1112716525260562,0.3536031564286044,0.09040985845406913,-0.9451418309556545,0.8604269657979803,fold_macro_mean,22.0,completed,robustness_non_confirmatory,True
long_window_vwap_primary,,hierarchical_eb,fold_macro,horizon,7d,14899,0.10668184893302186,0.34289856925174156,0.0711990188950144,-0.5314511844199933,0.8509447887190149,fold_macro_mean,22.0,completed,robustness_non_confirmatory,True
long_window_vwap_primary,,hierarchical_eb,fold_macro,horizon,close,322768,0.0745807529166672,0.24540259458670602,0.08203257334815323,-1.1708581722079856,1.3639269899477702,fold_macro_mean,22.0,completed,robustness_non_confirmatory,True
long_window_vwap_primary,,hierarchical_eb,fold_macro,overall,overall,1190716,0.0926622164654071,0.29718369186918564,0.07967183312265182,-0.9281115797102776,1.0277892591546536,fold_macro_mean,22.0,completed,robustness_non_confirmatory,True
long_window_vwap_primary,,isotonic,fold_macro,horizon,14d,9830,0.11415313082819538,0.36247514399669145,0.061549127148747836,0.004565052398322725,0.8232946880810375,fold_macro_mean,22.0,completed,robustness_non_confirmatory,True
long_window_vwap_primary,,isotonic,fold_macro,horizon,15m,318960,0.0727561526593944,0.2420079927341219,0.021772818851536105,-0.07729493315139456,1.1245633961816626,fold_macro_mean,22.0,completed,robustness_non_confirmatory,True
long_window_vwap_primary,,isotonic,fold_macro,horizon,1d,89927,0.11202477289740714,0.358280798177505,0.034107222661280384,-0.10812798092717206,0.7951031856687852,fold_macro_mean,22.0,completed,robustness_non_confirmatory,True
long_window_vwap_primary,,isotonic,fold_macro,horizon,1h,213343,0.06515173064048095,0.21759880875840193,0.01824335425126317,-0.05787095392386187,1.0785941547083728,fold_macro_mean,22.0,completed,robustness_non_confirmatory,True
long_window_vwap_primary,,isotonic,fold_macro,horizon,30d,6849,0.1291787078340284,0.41053674363458226,0.07878779964015824,-0.05634195724723149,0.812883159850081,fold_macro_mean,22.0,completed,robustness_non_confirmatory,True
long_window_vwap_primary,,isotonic,fold_macro,horizon,3d,35649,0.09022343103952322,0.3018911064352486,0.04115865674838641,0.04129719902348907,0.8266325011514885,fold_macro_mean,22.0,completed,robustness_non_confirmatory,True
long_window_vwap_primary,,isotonic,fold_macro,horizon,6h,178491,0.0938008918398498,0.30663885052603324,0.025815267010141543,-0.06201906890258786,0.8583504325885195,fold_macro_mean,22.0,completed,robustness_non_confirmatory,True
long_window_vwap_primary,,isotonic,fold_macro,horizon,7d,14899,0.10015611733137235,0.3271988578240279,0.05179411291630815,-0.011982848388431904,0.8400401112983602,fold_macro_mean,22.0,completed,robustness_non_confirmatory,True
long_window_vwap_primary,,isotonic,fold_macro,horizon,close,322768,0.059377532662560475,0.20559720189899303,0.03745974176356895,-0.11373017410565024,1.3538124820062534,fold_macro_mean,22.0,completed,robustness_non_confirmatory,True
long_window_vwap_primary,,isotonic,fold_macro,overall,overall,1190716,0.07774745599261602,0.25856206091104383,0.016676324085458452,-0.059790694378088774,1.0303562338502035,fold_macro_mean,22.0,completed,robustness_non_confirmatory,True
long_window_vwap_primary,,platt,fold_macro,horizon,14d,9830,0.11344449318034609,0.36054935501846425,0.05775950496705568,-0.031872939597945765,0.8272816730098679,fold_macro_mean,22.0,completed,robustness_non_confirmatory,True
long_window_vwap_primary,,platt,fold_macro,horizon,15m,318960,0.07296079748515762,0.24124213549030438,0.02420408594100296,-0.06892271636493827,1.1406362683150921,fold_macro_mean,22.0,completed,robustness_non_confirmatory,True
long_window_vwap_primary,,platt,fold_macro,horizon,1d,89927,0.11131161218929365,0.3528541694327403,0.03023917100069984,-0.11902052007971485,0.8125038903594042,fold_macro_mean,22.0,completed,robustness_non_confirmatory,True
long_window_vwap_primary,,platt,fold_macro,horizon,1h,213343,0.0652596679163271,0.21638222947001556,0.01957409270790563,-0.06252341330619376,1.0908885479229615,fold_macro_mean,22.0,completed,robustness_non_confirmatory,True
long_window_vwap_primary,,platt,fold_macro,horizon,30d,6849,0.12880372907930604,0.41126550761609926,0.07911813351465692,-0.08296728677700653,0.8120695500811689,fold_macro_mean,22.0,completed,robustness_non_confirmatory,True
long_window_vwap_primary,,platt,fold_macro,horizon,3d,35649,0.08968359136600307,0.29515464587433143,0.036701821531011196,-0.009021069791107264,0.8376662533338576,fold_macro_mean,22.0,completed,robustness_non_confirmatory,True
long_window_vwap_primary,,platt,fold_macro,horizon,6h,178491,0.09335706715759694,0.30230970894671555,0.02305923165555415,-0.07319063187346994,0.8751237286827123,fold_macro_mean,22.0,completed,robustness_non_confirmatory,True
long_window_vwap_primary,,platt,fold_macro,horizon,7d,14899,0.09947063898868401,0.31932832589427096,0.0490861344907615,-0.05661407680638522,0.8544635497435045,fold_macro_mean,22.0,completed,robustness_non_confirmatory,True
long_window_vwap_primary,,platt,fold_macro,horizon,close,322768,0.060068147299092024,0.2062660464683667,0.04023451049446987,-0.08847963965358577,1.3980941053028806,fold_macro_mean,22.0,completed,robustness_non_confirmatory,True
long_window_vwap_primary,,platt,fold_macro,overall,overall,1190716,0.07786119880304884,0.2568352887816666,0.018066418492044205,-0.06282660739032031,1.0479505409100802,fold_macro_mean,22.0,completed,robustness_non_confirmatory,True
long_window_vwap_primary,,raw,fold_macro,horizon,14d,9830,0.11227108572816823,0.3537345724584229,0.05878100086003434,0.04752462663290598,1.105129608583622,fold_macro_mean,22.0,completed,robustness_non_confirmatory,True
long_window_vwap_primary,,raw,fold_macro,horizon,15m,318960,0.07611149345308513,0.25541423466147833,0.0522965582015792,0.04058411433894155,1.5235184856223476,fold_macro_mean,22.0,completed,robustness_non_confirmatory,True
long_window_vwap_primary,,raw,fold_macro,horizon,1d,89927,0.11058277697304689,0.3489372803830542,0.02261898959326714,-0.04034404177748795,1.084635427237675,fold_macro_mean,22.0,completed,robustness_non_confirmatory,True
long_window_vwap_primary,,raw,fold_macro,horizon,1h,213343,0.06757282646566241,0.22773204392681662,0.042067774839497196,0.040831387744101985,1.4567714951717199,fold_macro_mean,22.0,completed,robustness_non_confirmatory,True
long_window_vwap_primary,,raw,fold_macro,horizon,30d,6849,0.12629568911893777,0.3970539442268102,0.07014622459944975,-0.013816636156337521,1.0492779759467423,fold_macro_mean,22.0,completed,robustness_non_confirmatory,True
long_window_vwap_primary,,raw,fold_macro,horizon,3d,35649,0.0890966966168332,0.290906601359745,0.029984165494208435,0.07341963812613482,1.1173529741607668,fold_macro_mean,22.0,completed,robustness_non_confirmatory,True
long_window_vwap_primary,,raw,fold_macro,horizon,6h,178491,0.09360014146227517,0.30224594070007516,0.026499136782408096,0.009584875527770584,1.169154875023265,fold_macro_mean,22.0,completed,robustness_non_confirmatory,True
long_window_vwap_primary,,raw,fold_macro,horizon,7d,14899,0.09887140032019387,0.3165728314622048,0.04986997239325992,0.026836202399285317,1.140340946489033,fold_macro_mean,22.0,completed,robustness_non_confirmatory,True
long_window_vwap_primary,,raw,fold_macro,horizon,close,322768,0.06513522579631216,0.2281975841946213,0.07066219904254653,0.03670020464901383,1.8724017163357045,fold_macro_mean,22.0,completed,robustness_non_confirmatory,True
long_window_vwap_primary,,raw,fold_macro,overall,overall,1190716,0.08037500756226702,0.2674867587156762,0.043750152626618355,0.03442769040500751,1.401414751839961,fold_macro_mean,22.0,completed,robustness_non_confirmatory,True
